id,type,question,gold(校验/修正),evidence,verdict(ok/edit/drop),note
A000,app,,,corpus\data\chunks\ADI__ad5592r\typ_app__1.md,,ad5592r
A001,app,,,corpus\data\chunks\ADI__ad8232\typ_app__1.md,,ad8232
A002,app,,,corpus\data\chunks\Bosch__BME280\typ_app.md,,BME280
A003,app,,,corpus\data\chunks\Bosch__BMP280\typ_app__1.md,,BMP280
A004,app,,,corpus\data\chunks\InvenSense__MPU9250\typ_app__1.md,,MPU9250
A005,app,,,corpus\data\chunks\MPS__MP1584\typ_app__1.md,,MP1584
A006,app,,,corpus\data\chunks\TI__ADS1015\typ_app__1.md,,ADS1015
A007,app,,,corpus\data\chunks\TI__ADS1100\typ_app__1.md,,ADS1100
A008,app,,,corpus\data\chunks\TI__ADS1110\typ_app__1.md,,ADS1110
A009,app,,,corpus\data\chunks\TI__ADS1113\typ_app__1.md,,ADS1113
A010,app,,,corpus\data\chunks\TI__ADS1114\typ_app__1.md,,ADS1114
A011,app,,,corpus\data\chunks\TI__ADS1115\typ_app__1.md,,ADS1115
A012,app,,,corpus\data\chunks\TI__ADS1220\typ_app__1.md,,ADS1220
A013,app,,,corpus\data\chunks\TI__ADS1256\typ_app__1.md,,ADS1256
A014,app,,,corpus\data\chunks\TI__ADS131M02\typ_app__1.md,,ADS131M02
A015,app,,,corpus\data\chunks\TI__AMC1210\typ_app__1.md,,AMC1210
A016,app,,,corpus\data\chunks\TI__AMC1301\typ_app__1.md,,AMC1301
A017,app,,,corpus\data\chunks\TI__AMC1311\typ_app__1.md,,AMC1311
A018,app,,,corpus\data\chunks\TI__AMC1400\typ_app__1.md,,AMC1400
A019,app,,,corpus\data\chunks\TI__AMC1411\typ_app__1.md,,AMC1411
A020,app,,,corpus\data\chunks\TI__AMC3301\typ_app__1.md,,AMC3301
A021,app,,,corpus\data\chunks\TI__CD74HC4051\typ_app__1.md,,CD74HC4051
A022,app,,,corpus\data\chunks\TI__DAC7311\typ_app__1.md,,DAC7311
A023,app,,,corpus\data\chunks\TI__DAC7573\typ_app__1.md,,DAC7573
A024,app,,,corpus\data\chunks\TI__DRV8231\typ_app__1.md,,DRV8231
A025,app,,,corpus\data\chunks\TI__DRV8256\typ_app__1.md,,DRV8256
A026,app,,,corpus\data\chunks\TI__DRV8312\typ_app__1.md,,DRV8312
A027,app,,,corpus\data\chunks\TI__DRV8320\typ_app__1.md,,DRV8320
A028,app,,,corpus\data\chunks\TI__DRV8323\typ_app__1.md,,DRV8323
A029,app,,,corpus\data\chunks\TI__DRV8323R\typ_app__1.md,,DRV8323R
