label,file,protocol,temp,model,retrieval,n,acc,tok_per_q,lat_per_q,in_frontier,note
API-bare,results_v31_api_bare.json,v3.1,0.0,DeepSeek-V4.1-Flash,none,120,0.21666666666666667,78.48333333333333,1.9750833333333333,True,
3B-bare(v3.0),results_m_bare3b.json,v3.0,0.0,qwen2.5:3b,none,120,0.075,89.84166666666667,5.27925,False,"v3.0 协议:上下文构造不同,不参与前沿"
3B-RAG(v3.0),results_m_rag3b.json,v3.0,0.0,qwen2.5:3b,hierarchical,120,0.18333333333333332,1464.2166666666667,8.7385,False,"v3.0 协议:上下文构造不同,不参与前沿"
7B-RAG(v3.0),results_m_rag7b.json,v3.0,0.0,qwen2.5:7b-q4,hierarchical,120,0.23333333333333334,1470,15.287416666666667,False,"v3.0 协议:上下文构造不同,不参与前沿"
3B-RAG-loose(v3.0),results_m_rag3b_loose.json,v3.0,0.0,qwen2.5:3b,hierarchical,120,0.2,1475.8,7.31775,False,"v3.0 协议:上下文构造不同,不参与前沿"
7B-RAG-loose(v3.0),results_m_rag7b_loose.json,v3.0,0.0,qwen2.5:7b-q4,hierarchical,120,0.21666666666666667,1504.3916666666667,18.082,False,"v3.0 协议:上下文构造不同,不参与前沿"
API-RAG,results_v31_api_rag.json,v3.1,0.0,DeepSeek-V4.1-Flash,hierarchical,120,0.36666666666666664,2726.9,2.106,True,
3B-RAG,results_v31_rag3b.json,v3.1,0.0,qwen2.5:3b,hierarchical,120,0.3416666666666667,2971.8333333333335,12.645333333333333,True,
7B-RAG,results_v31_rag7b.json,v3.1,0.0,qwen2.5:7b-q4,hierarchical,120,0.39166666666666666,2975.116666666667,31.084083333333332,True,
3B-RAG-loose,results_v31_rag3b_loose.json,v3.1,0.0,qwen2.5:3b,hierarchical,120,0.3416666666666667,2982.508333333333,13.2335,True,
7B-RAG-loose,results_v31_rag7b_loose.json,v3.1,0.0,qwen2.5:7b-q4,hierarchical,120,0.4166666666666667,3001.475,27.8685,True,
