id,question,gold,evidence,verdict(ok/edit/drop),note
A200,"In the application design guidance for LM2576 (TI), what value is specified for the 'L47'?",47 μH, Manufacturer's Part Number INDUCTOR CODE INDUCTOR VALUE SCHOTT(1) PULSE ENG.(2) RENCO(3) L47 47 μH 671 26980 PE-53112 RL2442 L68 68 μH 671,ok,"auto-draft-needs-review | gap=1 | 源章节=typ_app ｜ 【预标】净:图注原文位号+值紧邻,原口径:建议 ok"
A201,"In the application design guidance for LM2576 (TI), what value is specified for the 'L68'?",68 μH, CODE INDUCTOR VALUE SCHOTT(1) PULSE ENG.(2) RENCO(3) L47 47 μH 671 26980 PE-53112 RL2442 L68 68 μH 671 26990 PE-92114 RL2443 L100 100 μH 6,ok,"auto-draft-needs-review | gap=1 | 源章节=typ_app ｜ 【预标】净:图注原文位号+值紧邻,原口径:建议 ok"
A202,"In the application design guidance for UCC28180 (TI), what value is specified for the 'C11'?",2700pF," t° RT1 221 R2 4.7µF C13 1 2 3 4 J3 NEUTRAL HS1 COMMON TO Q1, BR1, AND D3 0.47 µF C1 1 µF C11 2700pF C7 0.47µF C14 13.3k R13 340k R11 332k R",ok,"auto-draft-needs-review | gap=1 | 源章节=overview(非typ_app,题干已换口径) ｜ 【预标】净:overview 章节的选型文字,位号+值紧邻(注意题干是改后口径):建议 ok"
A203,"In the application design guidance for LM1084 (TI), what value is specified for the 'output capacitor'?",≥ 1000 µf,"nput pins can withstand microsecond surge currents of 10A to 20A. With an extremely large output capacitor (≥ 1000 µf), and with input instantaneously shorte",edit,"auto-draft-needs-review | gap=4 | 源章节=func_desc(非typ_app,题干已换口径) | 同(位号,值)簇×2(output capacitor+1000 µf,建议整簇只留一道) ｜ 【预标】簇代表(2道同值中的首道,已做去重):建议 ok"
A204,"In the application design guidance for TPS7A05 (TI), what value is specified for the 'Input capacitor'?","1
µF",e 0 VIN V VOUT Nominal output voltage range 0.8 3.3 V IOUT Output current(1) 0 200 mA CIN Input capacitor 1 µF COUT Output capacitor 0.47 1 22 µF TJ O,ok,"auto-draft-needs-review | gap=1 | 源章节=overview(非typ_app,题干已换口径) ｜ 【预标】净:overview 章节的选型文字,位号+值紧邻(注意题干是改后口径):建议 ok"
A205,"In the application design guidance for LM5023 (TI), what value is specified for the 'C13'?",0.01µF,ND 2.00Meg R15 U3 LMV431BIMF/NOPB 1 2 4 3 U2 PS2811-1-M-A 0.15 0.5W R19 GND 499 R17 100pF C13 0.01µF C12 4.7µF C10 4.75 R16 10.0k R12 150k R,ok,"auto-draft-needs-review | gap=1 | 源章节=overview(非typ_app,题干已换口径) | 同(位号,值)簇×2(C13+0.01µF,建议整簇只留一道) ｜ 【预标】簇代表(2道同值中的首道,已做去重):建议 ok"
A206,"In the application design guidance for LM5023 (TI), what value is specified for the 'C12'?",4.7µF,R15 U3 LMV431BIMF/NOPB 1 2 4 3 U2 PS2811-1-M-A 0.15 0.5W R19 GND 499 R17 100pF C13 0.01µF C12 4.7µF C10 4.75 R16 10.0k R12 150k R18 10.2k R,ok,"auto-draft-needs-review | gap=1 | 源章节=overview(非typ_app,题干已换口径) ｜ 【预标】净:overview 章节的选型文字,位号+值紧邻(注意题干是改后口径):建议 ok"
A207,"In the application design guidance for LM5113 (TI), what value is specified for the 'C20'?",100 pF,OUT IN ON/OFF BYP C18 0.1 F C19 1 F R7 33.2k C17 NU R4 ±1% 49.9 U1  LP2982AIM5-5.0 5V 5 4 C20 100 pF C21 2.2 F 2 C24 1 F 6.3V C25 0.1 F GND ,ok,"auto-draft-needs-review | gap=1 | 源章节=overview(非typ_app,题干已换口径) ｜ 【预标】净:overview 章节的选型文字,位号+值紧邻(注意题干是改后口径):建议 ok"
A208,"In the application design guidance for LM5113 (TI), what value is specified for the 'C23'?",1500 pF,0 D5 D6 MBR130T1G 1N4148W-7-F R19 21.0k GND GND R16 21.0k C29 1 F GND U2 LM8261M5 C26 1 F C23 1500 pF C22 330 pF R8 16.9k 2 4 1 5 3 R5 374 C1,ok,"auto-draft-needs-review | gap=1 | 源章节=overview(非typ_app,题干已换口径) ｜ 【预标】净:overview 章节的选型文字,位号+值紧邻(注意题干是改后口径):建议 ok"
A209,"In the application design guidance for LM5021 (TI), what value is specified for the 'C17'?",1uF,200p 1 COMP 2 VIN 3 VCC 4 OUT 5 GND 6 CS 7 RT 8 SS U1 LM5021-2 C14 220n R21 tbd C15 150pF C17 1uF C21 R17 22.1k R2 10k Q1 BSS127 R1 1.5M ,ok,"auto-draft-needs-review | gap=1 | 源章节=typ_app ｜ 【预标】净:图注原文位号+值紧邻,原口径:建议 ok"
A210,"In the application design guidance for OPA364 (TI), what value is specified for the 'R11'?",3.92 kΩ,ereo-Headphone Driver VOUT V = 1 Vrms IN OPA363 150 kΩ 19.5 kΩ 220 pF 1.8 kΩ 3.3 nF 47 pF R11 3.92 kΩ R12 3.92 kΩ C13 1000 pF R14 3.48 kΩ C15,ok,"auto-draft-needs-review | gap=1 | 源章节=overview(非typ_app,题干已换口径) ｜ 【预标】净:overview 章节的选型文字,位号+值紧邻(注意题干是改后口径):建议 ok"
A211,"In the application design guidance for OPA364 (TI), what value is specified for the 'R12'?",3.92 kΩ,ne Driver VOUT V = 1 Vrms IN OPA363 150 kΩ 19.5 kΩ 220 pF 1.8 kΩ 3.3 nF 47 pF R11 3.92 kΩ R12 3.92 kΩ C13 1000 pF R14 3.48 kΩ C15 1000 pF VOU,ok,"auto-draft-needs-review | gap=1 | 源章节=overview(非typ_app,题干已换口径) ｜ 【预标】净:overview 章节的选型文字,位号+值紧邻(注意题干是改后口径):建议 ok"
A212,"In the application design guidance for TPS7A10 (TI), what value is specified for the 'Input capacitor'?","2.2
µF",ias voltage 1.7 5.5 V VOUT Output voltage 0.5 3.0 V IOUT Peak output current 0 300 mA CIN Input capacitor 2.2 µF CBIAS Bias capacitor 0.1 µF COUT (1) Ou,ok,"auto-draft-needs-review | gap=1 | 源章节=overview(非typ_app,题干已换口径) ｜ 【预标】净:overview 章节的选型文字,位号+值紧邻(注意题干是改后口径):建议 ok"
A213,"In the application design guidance for TPS7A33 (TI), what value is specified for the 'feedback resistor'?","240
kΩ",IN 10 V VOUT Output voltage –33.2 VREF V IOUT Output current 0 1 A R2 (1) R2 is the lower feedback resistor 240 kΩ CIN Input capacitor 10 47 µF COUT Outpu,ok,"auto-draft-needs-review | gap=1 | 源章节=overview(非typ_app,题干已换口径) ｜ 【预标】净:overview 章节的选型文字,位号+值紧邻(注意题干是改后口径):建议 ok"
A214,"In the application design guidance for TPS7A49 (TI), what value is specified for the 'feedback resistor'?","237
kΩ",2 10 µF CNR Noise reduction capacitor 0 10 nF CFF Feed-forward capacitor 0 10 nF R2 Lower feedback resistor 237 kΩ Submit Documentation Feedback 5 Product,ok,"auto-draft-needs-review | gap=1 | 源章节=overview(非typ_app,题干已换口径) | 同(位号,值)簇×2(feedback resistor+237
kΩ,建议整簇只留一道) ｜ 【预标】簇代表(2道同值中的首道,已做去重):建议 ok"
A215,"In the application design guidance for TPS7A30 (TI), what value is specified for the 'feedback resistor'?","237
kΩ",2 10 µF CNR Noise reduction capacitor 0 10 nF CFF Feed-forward capacitor 0 10 nF R2 Lower feedback resistor 237 kΩ 6.4 Thermal Information TPS7A30 DGN THE,drop,"auto-draft-needs-review | gap=1 | 源章节=overview(非typ_app,题干已换口径) | 同(位号,值)簇×2(feedback resistor+237
kΩ,建议整簇只留一道) ｜ 【预标】簇内重复(feedback resistor+237
kΩ 共2道,首道 A214 已代表):建议 drop"
A216,"In the application design guidance for LM1117 (TI), what value is specified for the 'output capacitor'?",1000 µF,"nput pins can withstand microsecond surge currents of 10A to 20A. With an extremely large output capacitor (≥1000 µF), and with input instantaneously shorte",drop,"auto-draft-needs-review | gap=3 | 源章节=func_desc(非typ_app,题干已换口径) | 同(位号,值)簇×2(output capacitor+1000 µF,建议整簇只留一道) ｜ 【预标】簇内重复(output capacitor+1000 µF 共2道,首道 A203 已代表):建议 drop"
A217,"In the application design guidance for TPS54540 (TI), what value is specified for the 'C10'?",4.7uF,L1 5.5uH R6 10.2k R5 31.6k R3 243 k R1 365k R2 88.7k C1 C2 D1 PDS760 C6 100uF C7 100uF C3 C10 4.7uF FB VIN FB VOUT 4.7uF 4.7uF 4.7uF 25 TPS,ok,"auto-draft-needs-review | gap=1 | 源章节=overview(非typ_app,题干已换口径) ｜ 【预标】净:overview 章节的选型文字,位号+值紧邻(注意题干是改后口径):建议 ok"
A218,"In the application design guidance for AMC1400 (TI), what value is specified for the 'C12'?",1 µF,ctor SW SW SW SW EMI Filter N Solar Panel Array BOOST DC AC PE R12 10  R11 10  C15 10 nF C12 1 µF C11 100 nF C14 1 µF C13 100 nF to RC fi,ok,"auto-draft-needs-review | gap=1 | 源章节=typ_app ｜ 【预标】净:图注原文位号+值紧邻,原口径:建议 ok"
A219,"In the application design guidance for AMC1400 (TI), what value is specified for the 'C11'?",100 nF,W SW SW EMI Filter N Solar Panel Array BOOST DC AC PE R12 10  R11 10  C15 10 nF C12 1 µF C11 100 nF C14 1 µF C13 100 nF to RC filter / ADC ,ok,"auto-draft-needs-review | gap=1 | 源章节=typ_app ｜ 【预标】净:图注原文位号+值紧邻,原口径:建议 ok"
A220,"In the application design guidance for DRV8874 (TI), what value is specified for the 'external resistor'?",5.5 kΩ,nt regulation trip point 1 A AIPROPI Current sense scaling factor 455 µA/A RIPROPI IPROPI external resistor 5.5 kΩ VREF Current regulation reference volta,ok,"auto-draft-needs-review | gap=1 | 源章节=overview(非typ_app,题干已换口径) ｜ 【预标】净:overview 章节的选型文字,位号+值紧邻(注意题干是改后口径):建议 ok"
A221,"In the application design guidance for TL432 (TI), what value is specified for the 'input resistor'?",<10kΩ,"r minimal voltage drop or difference from Vin to the ref pin, it is recommended to use an input resistor <10kΩ to provide Iref. TL431, TL432 24 Submit",edit,"auto-draft-needs-review | gap=2 | 源章节=typ_app ｜ 【预标】净:图注原文位号+值紧邻,原口径:建议 ok"
A222,"In the application design guidance for TPS54521 (TI), what value is specified for the 'C11'?",47pF,"d 0.138 x 0.110 1 C9 220µF Capacitor, Polymer, 6.3V, 40 mΩESR, ±20% 6TPB220M Sanyo inch 1 C11 47pF Capacitor, Ceramic, 50V, C0G, 5% 0603 S",ok,"auto-draft-needs-review | gap=1 | 源章节=typ_app ｜ 【预标】净:图注原文位号+值紧邻,原口径:建议 ok"
A223,"In the application design guidance for UCC28C51 (TI), what value is specified for the 'C26'?",2uF,-side controller and UCC3961 as the primary-side startup control device. R28 100 D3 BAR74 C26 2uF D5 BAR74 R14 20k 40% C16 5.6nF + C15 1u,ok,"auto-draft-needs-review | gap=1 | 源章节=typ_app | 同(位号,值)簇×2(C26+2uF,建议整簇只留一道) ｜ 【预标】簇代表(2道同值中的首道,已做去重):建议 ok"
A224,"In the application design guidance for UCC28C51 (TI), what value is specified for the 'C16'?",5.6nF,as the primary-side startup control device. R28 100 D3 BAR74 C26 2uF D5 BAR74 R14 20k 40% C16 5.6nF + C15 1uF C14 1uF C13 0.22uF C12 3300pF,ok,"auto-draft-needs-review | gap=1 | 源章节=typ_app | 同(位号,值)簇×4(C16+5.6nF,建议整簇只留一道) ｜ 【预标】簇代表(4道同值中的首道,已做去重):建议 ok"
A225,"In the application design guidance for UCC28C40 (TI), what value is specified for the 'C16'?",5.6nF,as the primary-side startup control device. R28 100 D3 BAR74 C26 2uF D5 BAR74 R14 20k 40% C16 5.6nF + C15 1uF C14 1uF C13 0.22uF C12 3300pF,drop,"auto-draft-needs-review | gap=1 | 源章节=typ_app | 同(位号,值)簇×4(C16+5.6nF,建议整簇只留一道) ｜ 【预标】簇内重复(C16+5.6nF 共4道,首道 A224 已代表):建议 drop"
A226,"In the application design guidance for UCC28C40 (TI), what value is specified for the 'C15'?",1uF,ry-side startup control device. R28 100 D3 BAR74 C26 2uF D5 BAR74 R14 20k 40% C16 5.6nF + C15 1uF C14 1uF C13 0.22uF C12 3300pF C11 1500p,ok,"auto-draft-needs-review | gap=1 | 源章节=typ_app | 同(位号,值)簇×2(C15+1uF,建议整簇只留一道) ｜ 【预标】簇代表(2道同值中的首道,已做去重):建议 ok"
A227,"In the application design guidance for LMX2594 (TI), what value is specified for the 'C10'?",0.01µF,apacitor | Varies with frequency | ATC 520L103KT16T ATC 504L50R0FTNCFT | 0.01µF C7 0.01µF C10 0.01µF C11 0.01µF C12 50 R38 68 R2_LF Open C3_,ok,"auto-draft-needs-review | gap=1 | 源章节=overview(非typ_app,题干已换口径) ｜ 【预标】净:overview 章节的选型文字,位号+值紧邻(注意题干是改后口径):建议 ok"
A228,"In the application design guidance for LMX2594 (TI), what value is specified for the 'C11'?",0.01µF,Varies with frequency | ATC 520L103KT16T ATC 504L50R0FTNCFT | 0.01µF C7 0.01µF C10 0.01µF C11 0.01µF C12 50 R38 68 R2_LF Open C3_LF 18 R4_LF,ok,"auto-draft-needs-review | gap=1 | 源章节=overview(非typ_app,题干已换口径) ｜ 【预标】净:overview 章节的选型文字,位号+值紧邻(注意题干是改后口径):建议 ok"
A229,"In the application design guidance for UCC29950 (TI), what value is specified for the 'C34'?",0.1μF, During Startup Submit Documentation Feedback 35 Product Folder Links: UCC29950 TP10 10μF C34 0.1μF C33 3.32k R56 470pF C36 0.1μF C40 Q4 10,ok,"auto-draft-needs-review | gap=1 | 源章节=overview(非typ_app,题干已换口径) ｜ 【预标】净:overview 章节的选型文字,位号+值紧邻(注意题干是改后口径):建议 ok"
A230,"In the application design guidance for UCC29950 (TI), what value is specified for the 'C36'?",0.1μF,tation Feedback 35 Product Folder Links: UCC29950 TP10 10μF C34 0.1μF C33 3.32k R56 470pF C36 0.1μF C40 Q4 10.0k R41 0.1μF C39 2.21k R55 3.,ok,"auto-draft-needs-review | gap=1 | 源章节=overview(非typ_app,题干已换口径) ｜ 【预标】净:overview 章节的选型文字,位号+值紧邻(注意题干是改后口径):建议 ok"
A231,"In the application design guidance for UCC28C44 (TI), what value is specified for the 'C26'?",2uF,-side controller and UCC3961 as the primary-side startup control device. R28 100 D3 BAR74 C26 2uF D5 BAR74 R14 20k 40% C16 5.6nF + C15 1u,drop,"auto-draft-needs-review | gap=1 | 源章节=typ_app | 同(位号,值)簇×2(C26+2uF,建议整簇只留一道) ｜ 【预标】簇内重复(C26+2uF 共2道,首道 A223 已代表):建议 drop"
A232,"In the application design guidance for UCC28C44 (TI), what value is specified for the 'C16'?",5.6nF,as the primary-side startup control device. R28 100 D3 BAR74 C26 2uF D5 BAR74 R14 20k 40% C16 5.6nF + C15 1uF C14 1uF C13 0.22uF C12 3300pF,drop,"auto-draft-needs-review | gap=1 | 源章节=typ_app | 同(位号,值)簇×4(C16+5.6nF,建议整簇只留一道) ｜ 【预标】簇内重复(C16+5.6nF 共4道,首道 A224 已代表):建议 drop"
A233,"In the application design guidance for TPS7A26 (TI), what value is specified for the 'Input capacitor'?","1
μF",tput current 0 500 mA VEN Enable voltage 0 18 V VPG (1) Power-good voltage 0 18 V CIN (2) Input capacitor 1 μF COUT (2) Output capacitor 1 2.2 100 μF ,ok,"auto-draft-needs-review | gap=1 | 源章节=overview(非typ_app,题干已换口径) ｜ 【预标】净:overview 章节的选型文字,位号+值紧邻(注意题干是改后口径):建议 ok"
A234,"In the application design guidance for TPS54560 (TI), what value is specified for the 'C10'?",2.2uF,.2k R5 53.6k R3 243k R1 442k R2 90.9k C1 2.2uF C2 2.2uF D1 B560C C6 47uF C7 47uF C3 2.2uF C10 2.2uF C9 47uF FB VIN FB VOUT 24 TPS54560 Prod,ok,"auto-draft-needs-review | gap=1 | 源章节=overview(非typ_app,题干已换口径) ｜ 【预标】净:overview 章节的选型文字,位号+值紧邻(注意题干是改后口径):建议 ok"
A235,"In the application design guidance for UCC28C43 (TI), what value is specified for the 'C16'?",5.6nF,as the primary-side startup control device. R28 100 D3 BAR74 C26 2uF D5 BAR74 R14 20k 40% C16 5.6nF + C15 1uF C14 1uF C13 0.22uF C12 3300pF,drop,"auto-draft-needs-review | gap=1 | 源章节=typ_app | 同(位号,值)簇×4(C16+5.6nF,建议整簇只留一道) ｜ 【预标】簇内重复(C16+5.6nF 共4道,首道 A224 已代表):建议 drop"
A236,"In the application design guidance for UCC28C43 (TI), what value is specified for the 'C15'?",1uF,ry-side startup control device. R28 100 D3 BAR74 C26 2uF D5 BAR74 R14 20k 40% C16 5.6nF + C15 1uF C14 1uF C13 0.22uF C12 3300pF C11 1500p,drop,"auto-draft-needs-review | gap=1 | 源章节=typ_app | 同(位号,值)簇×2(C15+1uF,建议整簇只留一道) ｜ 【预标】簇内重复(C15+1uF 共2道,首道 A226 已代表):建议 drop"
A237,"In the application design guidance for LM5115 (TI), what value is specified for the 'bootstrap capacitor'?","0.047
µF","Supply voltage bypass, CVBIAS 0.1 1 µF Reference bypass capacitor, CVCC 0.1 1 10 µF HB-HS bootstrap capacitor 0.047 µF SYNC Current Range (VCC = 4.5V) 50 150 ",ok,"auto-draft-needs-review | gap=1 | 源章节=overview(非typ_app,题干已换口径) ｜ 【预标】净:overview 章节的选型文字,位号+值紧邻(注意题干是改后口径):建议 ok"
A238,"In the application design guidance for OPA462 (TI), what value is specified for the 'R15'?",100 kΩ,pplying these relationships the resistors are selected or derived as follows: • Let R14 = R15 = 100 kΩ • R13 = [(VP – VN) (R15 / R14)] / IL = ,ok,"auto-draft-needs-review | gap=3 | 源章节=overview(非typ_app,题干已换口径) | 疑:证据是设计计算式,同段有多个同类位号,值易错配 ｜ 【预标】细看:值归属有机械疑点"
A239,"In the application design guidance for OPA462 (TI), what value is specified for the 'R13'?",125 Ω,13 = [(VP – VN) (R15 / R14)] / IL = [(2.5 V – 0 V) (105 Ω/ 105 Ω)] = 125 Ω • R12 = (R11 – R13) = (100 kΩ– 125 Ω) = 99.875 kΩ Verifying R11 / (R1,edit,"auto-draft-needs-review | gap=5 | 源章节=overview(非typ_app,题干已换口径) ｜ 【预标】净:overview 章节的选型文字,位号+值紧邻(注意题干是改后口径):建议 ok"
A240,"In the application design guidance for LM5160 (TI), what value is specified for the 'C13'?",0.01µF, I = 600mA OUT2 and I = 200mA OUT1 | 0.47µF C8 127k R6 10.0k R10 301k R7 51.1k R4 0.082µF C13 0.01µF C5 1000pF C4 6.04K R8 2.00k R9 10µF C11,ok,"auto-draft-needs-review | gap=1 | 源章节=overview(非typ_app,题干已换口径) | 同(位号,值)簇×2(C13+0.01µF,建议整簇只留一道) ｜ 【预标】簇内重复(C13+0.01µF 共2道,首道 A205 已代表):建议 drop"
A241,"In the application design guidance for LM5160 (TI), what value is specified for the 'C11'?",10µF,127k R6 10.0k R10 301k R7 51.1k R4 0.082µF C13 0.01µF C5 1000pF C4 6.04K R8 2.00k R9 10µF C11 10µF C10 TP1 D2 B0530W-7-F GND GND GND GND G,ok,"auto-draft-needs-review | gap=1 | 源章节=overview(非typ_app,题干已换口径) ｜ 【预标】净:overview 章节的选型文字,位号+值紧邻(注意题干是改后口径):建议 ok"
A242,"In the application design guidance for DRV8876 (TI), what value is specified for the 'external resistor'?",2.5 kΩ,t regulation trip point 1 A AIPROPI Current sense scaling factor 1000 µA/A RIPROPI IPROPI external resistor 2.5 kΩ VREF Current regulation reference volta,ok,"auto-draft-needs-review | gap=1 | 源章节=overview(非typ_app,题干已换口径) ｜ 【预标】净:overview 章节的选型文字,位号+值紧邻(注意题干是改后口径):建议 ok"
